account_value,datadate,daily_return,Date
1000000.0,20160104,,2016-01-04
999478.1794159942,20160105,-0.0005218205840057388,2016-01-05
995899.1391159605,20160106,-0.0035809088920030208,2016-01-06
988194.0340298592,20160107,-0.007736832760936951,2016-01-07
985483.0138798446,20160108,-0.0027434087402441465,2016-01-08
988506.8101598745,20160111,0.003068339319340696,2016-01-11
993725.2615816907,20160112,0.005279125412370522,2016-01-12
974641.8802437831,20160113,-0.019203880665701334,2016-01-13
986348.1644480872,20160114,0.01201085695330062,2016-01-14
965322.4086344005,20160115,-0.021316768836338595,2016-01-15
967092.8721666423,20160119,0.0018340644704875064,2016-01-19
950729.9251993777,20160120,-0.01691972657249108,2016-01-20
955805.5954896384,20160121,0.00533870887591581,2016-01-21
978308.5904299716,20160122,0.02354348525110428,2016-01-22
959879.0043813598,20160125,-0.018838213452170405,2016-01-25
973285.889115806,20160126,0.013967265325369738,2016-01-26
961794.0312629769,20160127,-0.011807278808150579,2016-01-27
970935.9455622508,20160128,0.009505064496261317,2016-01-28
998579.649668914,20160129,0.028471192392259592,2016-01-29
995505.1880269732,20160201,-0.003078834665777741,2016-02-01
971485.0235762406,20160202,-0.02412861805204547,2016-02-02
975362.4800372595,20160203,0.003991267355563766,2016-02-03
978578.2337191672,20160204,0.0032969831705897956,2016-02-04
956497.6471137136,20160205,-0.022563946187045825,2016-02-05
940392.5454475228,20160208,-0.016837575831774254,2016-02-08
942209.9957848644,20160209,0.0019326507277626082,2016-02-09
942974.1577287671,20160210,0.0008110314551121878,2016-02-10
926898.3697079543,20160211,-0.017047962437838904,2016-02-11
952309.9611194187,20160212,0.027415725652286005,2016-02-12
963266.3666030159,20160216,0.011505083356177614,2016-02-16
979726.3981751392,20160217,0.01708772582828777,2016-02-17
965184.7012186402,20160218,-0.01484261012419863,2016-02-18
966210.289369202,20160219,0.0010625822697634124,2016-02-19
980558.0765856848,20160222,0.014849549186492172,2016-02-22
965792.3691074029,20160223,-0.015058473160199037,2016-02-23
971852.4576724631,20160224,0.006274732291228435,2016-02-24
981989.3397039805,20160225,0.010430474246877708,2016-02-25
980886.8678574569,20160226,-0.0011226922757184843,2016-02-26
972611.3557732556,20160229,-0.008436765090226395,2016-02-29
998957.0014555141,20160301,0.027087536584757377,2016-03-01
997855.4691640049,20160302,-0.001102682387634557,2016-03-02
1002603.1496216316,20160303,0.004757883886335135,2016-03-03
1004507.0450974228,20160304,0.0018989522190406838,2016-03-04
1002833.5295034113,20160307,-0.0016660068261136196,2016-03-07
996842.3380814171,20160308,-0.005974263171037886,2016-03-08
1002363.2593487431,20160309,0.005538409692702251,2016-03-09
1001750.563614008,20160310,-0.0006112511896467776,2016-03-10
1017138.8176485578,20160311,0.015361362991435534,2016-03-11
1015806.3464345902,20160314,-0.0013100190365835651,2016-03-14
1018924.414884966,20160315,0.0030695500784376772,2016-03-15
1024458.201058947,20160316,0.0054310075341612585,2016-03-16
1034772.873069535,20160317,0.010068416651773715,2016-03-17
1044679.2071381222,20160318,0.00957343812000122,2016-03-18
1040656.0160541493,20160321,-0.003851125835072744,2016-03-21
1034166.7834450172,20160322,-0.006235713347180094,2016-03-22
1030672.0767085466,20160323,-0.0033792486786599074,2016-03-23
1030181.9598942943,20160324,-0.00047553128228483565,2016-03-24
1034318.4360443631,20160328,0.0040152869212475295,2016-03-28
1041843.5248747465,20160329,0.007275408199395761,2016-03-29
1050721.8246533005,20160330,0.00852172093656911,2016-03-30
1051507.393569537,20160331,0.0007476469012106524,2016-03-31
1066743.1026308,20160401,0.0144893979390317,2016-04-01
1062415.8001538096,20160404,-0.004056555384626792,2016-04-04
1062415.8001538096,20160405,0.0,2016-04-05
1050866.114384745,20160406,-0.010871153993937677,2016-04-06
1031592.1501041878,20160407,-0.018341027478882665,2016-04-07
1034425.0440745977,20160408,0.0027461375797825927,2016-04-08
1032942.4702306441,20160411,-0.001433234677027606,2016-04-11
1041389.895217227,20160412,0.00817802078047647,2016-04-12
1048303.3870351728,20160413,0.0066387160560106295,2016-04-13
1050623.208951702,20160414,0.002212929906761252,2016-04-14
1049514.0201023787,20160415,-0.001055743714656887,2016-04-15
1054542.5506804232,20160418,0.0047912943340708836,2016-04-18
1060539.989315525,20160419,0.005687241952666566,2016-04-19
1062386.090517096,20160420,0.0017407181437472108,2016-04-20
1048002.5565642781,20160421,-0.013538895210701618,2016-04-21
1050573.9344211959,20160422,0.0024535988398231012,2016-04-22
1048420.9045101722,20160425,-0.002049384474982152,2016-04-25
1052807.0546138624,20160426,0.004183577497187896,2016-04-26
1057092.1672288552,20160427,0.004070178477826092,2016-04-27
1042695.2995963008,20160428,-0.01361931161621932,2016-04-28
1038690.329052577,20160429,-0.0038409788029871716,2016-04-29
1051556.5186400071,20160502,0.012386934996464039,2016-05-02
1046885.7387163291,20160503,-0.004441777347088172,2016-05-03
1042358.2613704158,20160504,-0.004324710117328379,2016-05-04
1042988.7586133244,20160505,0.0006048757574768082,2016-05-05
1036902.4964203524,20160506,-0.0058354053605178535,2016-05-06
1039863.56526903,20160509,0.002855686874031038,2016-05-09
1049355.9027812178,20160510,0.009128445143408825,2016-05-10
1037449.9541700454,20160511,-0.011345958582418825,2016-05-11
1036290.7348844088,20160512,-0.001117373692077539,2016-05-12
1024085.2353593014,20160513,-0.01177806489456723,2016-05-13
1029959.621119322,20160516,0.005736227373651648,2016-05-16
1010041.0126957236,20160517,-0.01933921293142704,2016-05-17
1012920.098778374,20160518,0.0028504645320950317,2016-05-18
1004337.5443252928,20160519,-0.008473081404379412,2016-05-19
1010296.3508165046,20160520,0.005933071530463296,2016-05-20
1006668.2980334122,20160523,-0.0035910777863943366,2016-05-23
1017790.6347266429,20160524,0.011048660929284138,2016-05-24
1024287.3569886045,20160525,0.006383161762641532,2016-05-25
1020508.438021433,20160526,-0.0036893152506358717,2016-05-26
1022702.6002095226,20160527,0.002150067658768018,2016-05-27
1020689.5840305544,20160531,-0.001968329970566063,2016-05-31
1024558.8162353645,20160601,0.0037908020864982905,2016-06-01
1029695.6033223913,20160602,0.005013657591568466,2016-06-02
1027138.4290765652,20160603,-0.0024834273717156963,2016-06-03
1027800.4016566209,20160606,0.0006444823417335321,2016-06-06
1032108.0241212772,20160607,0.004191107979441444,2016-06-07
1034546.1977790759,20160608,0.002362324098656776,2016-06-08
1031165.4922345212,20160609,-0.0032678149625530173,2016-06-09
1043990.7145719269,20160610,0.01243759845920911,2016-06-10
1049108.6983818782,20160613,0.00490232694459336,2016-06-13
1045427.6377609278,20160614,-0.0035087504532447245,2016-06-14
1038747.467968912,20160615,-0.006389892088871196,2016-06-15
1042270.4627135335,20160616,0.0033915796218595418,2016-06-16
1037445.2790849184,20160617,-0.004629492824782533,2016-06-17
1042891.1942838728,20160620,0.005249351757384169,2016-06-20
1044766.6188108608,20160621,0.001798293568175957,2016-06-21
1044517.4558315277,20160622,-0.00023848673459403447,2016-06-22
1059681.4661409615,20160623,0.014517718420858694,2016-06-23
1023368.9091763984,20160624,-0.03426742669832894,2016-06-24
1003643.1951949996,20160627,-0.01927527190294842,2016-06-27
1017637.6699223709,20160628,0.013943675196893324,2016-06-28
1046277.4709786116,20160629,0.0281434167609238,2016-06-29
1056553.4315207766,20160630,0.0098214487334356,2016-06-30
1055140.9016439004,20160701,-0.0013369223313609568,2016-07-01
1055140.9016439004,20160705,0.0,2016-07-05
1046126.1374896049,20160706,-0.008543659088800948,2016-07-06
1037153.3552216056,20160707,-0.008577151403110217,2016-07-07
1051171.5343298458,20160708,0.013516013844688368,2016-07-08
1054196.3650143554,20160711,0.002877580476375874,2016-07-11
1053088.5479835959,20160712,-0.0010508640207125275,2016-07-12
1056090.5183807777,20160713,0.002850634358269044,2016-07-13
1069519.9868520387,20160714,0.012716209678552248,2016-07-14
1063435.7438228806,20160715,-0.005688760475684118,2016-07-15
1061231.6330210972,20160718,-0.0020726318581881786,2016-07-18
1058245.452681455,20160719,-0.002813881764098136,2016-07-19
1059748.675286614,20160720,0.0014204857685427008,2016-07-20
1054004.871505568,20160721,-0.005419967880113341,2016-07-21
1054355.924839762,20160722,0.0003330661400953172,2016-07-22
1053697.1144607477,20160725,-0.0006248462815007239,2016-07-25
1052948.2244200257,20160726,-0.0007107260999810183,2016-07-26
1042152.5781158468,20160727,-0.010252779817474189,2016-07-27
1042204.3287663378,20160728,4.9657460507779305e-05,2016-07-28
1037717.9134290972,20160729,-0.0043047368096726935,2016-07-29
1038241.0248097104,20160801,0.0005040978611274838,2016-08-01
1036217.4302946605,20160802,-0.0019490604461722683,2016-08-02
1042500.2251807351,20160803,0.0060632013150832,2016-08-03
1042716.8407962524,20160804,0.00020778471820448452,2016-08-04
1052352.3250464594,20160805,0.00924074866082436,2016-08-05
1050518.3654935234,20160808,-0.0017427239046153842,2016-08-08
1051520.51956221,20160809,0.0009539614933011809,2016-08-09
1057424.475275007,20160810,0.0056146842624194004,2016-08-10
1061921.4397365074,20160811,0.004252752387191361,2016-08-11
1062661.5901407741,20160812,0.0006969916761925266,2016-08-12
1063135.0747522665,20160815,0.0004455648118697475,2016-08-15
1054655.160735265,20160816,-0.007976327955295459,2016-08-16
1055367.0157391506,20160817,0.000674964699731273,2016-08-17
1058692.4492193668,20160818,0.0031509734818528923,2016-08-18
1054727.9061542877,20160819,-0.003744754265511463,2016-08-19
1053595.8441661908,20160822,-0.001073321357566659,2016-08-22
1050956.263344957,20160823,-0.002505306788982975,2016-08-23
1046147.901060973,20160824,-0.004575225869704713,2016-08-24
1039483.6757772472,20160825,-0.006370251545662953,2016-08-25
1033604.5772391042,20160826,-0.0056557872674114495,2016-08-26
1042238.9198930418,20160829,0.008353622694861729,2016-08-29
1041413.3762121444,20160830,-0.0007920867904089857,2016-08-30
1040797.7072006118,20160831,-0.000591186003171873,2016-08-31
1044075.8346230894,20160901,0.003149629750140992,2016-09-01
1049046.4133803558,20160902,0.004760744950160323,2016-09-02
1048986.4949472074,20160906,-5.711704685718022e-05,2016-09-06
1050514.5301496044,20160907,0.0014566776691189443,2016-09-07
1050162.3619227672,20160908,-0.0003352340369695561,2016-09-08
1028481.8884044676,20160909,-0.020644877691678443,2016-09-09
1040626.0743370828,20160912,0.011807875344752139,2016-09-12
1027414.3842779888,20160913,-0.01269590526790354,2016-09-13
1019531.2481326319,20160914,-0.00767279129627596,2016-09-14
1028403.1484023812,20160915,0.008701940510405182,2016-09-15
1029107.9346002331,20160916,0.0006853209258905757,2016-09-16
1027226.2667420995,20160919,-0.001828445583664129,2016-09-19
1025500.3660616772,20160920,-0.0016801562969140926,2016-09-20
1032723.183451112,20160921,0.007043212882676286,2016-09-21
1043081.9202760542,20160922,0.010030506713643916,2016-09-22
1036362.1277817049,20160923,-0.006442248076326429,2016-09-23
1024539.6046273669,20160926,-0.011407714386132306,2016-09-26
1030223.9379569031,20160927,0.005548183109625793,2016-09-27
1031310.8660999731,20160928,0.0010550406596312456,2016-09-28
1018903.2868062955,20160929,-0.01203088195957669,2016-09-29
1029695.6341182364,20160930,0.010592121403169674,2016-09-30
1029695.6341182364,20161003,0.0,2016-10-03
1018994.2367810257,20161004,-0.010392777227199446,2016-10-04
1022418.4207994669,20161005,0.003360356609334758,2016-10-05
1018703.3874088377,20161006,-0.0036335743909272633,2016-10-06
1019497.763651422,20161007,0.0007797915000604672,2016-10-07
1023084.4312070914,20161010,0.003518072999810773,2016-10-10
1008830.79995925,20161011,-0.01393201852463355,2016-10-11
1012569.1016907905,20161012,0.003705578508994334,2016-10-12
1009832.5707561169,20161013,-0.0027025621561078683,2016-10-13
1010441.8800371756,20161014,0.0006033765385509149,2016-10-14
1008681.7840873159,20161017,-0.001741907164215073,2016-10-17
1024296.0095906614,20161018,0.015479832936086568,2016-10-18
1026651.430169612,20161019,0.0022995506737275573,2016-10-19
1022722.8153625244,20161020,-0.003826629654077096,2016-10-20
1022134.1062815766,20161021,-0.0005756291656983104,2016-10-21
1028100.5767318635,20161024,0.005837267745611552,2016-10-24
1023300.1449549207,20161025,-0.004669223892668661,2016-10-25
1019632.8033373308,20161026,-0.0035838376801475835,2016-10-26
1016005.489578998,20161027,-0.0035574706369394526,2016-10-27
1010894.6560143395,20161028,-0.005030320817239087,2016-10-28
1014000.2592188172,20161031,0.003072133368200891,2016-10-31
1004260.145814308,20161101,-0.00960563206562981,2016-11-01
999330.7090848631,20161102,-0.00490852569425404,2016-11-02
994644.5177861048,20161103,-0.004689329824607902,2016-11-03
990909.6267113795,20161104,-0.003755000915340534,2016-11-04
1009134.1558390864,20161107,0.01839171669790951,2016-11-07
1011396.7636752371,20161108,0.0022421278905868647,2016-11-08
1021633.5980969295,20161109,0.010121482280103011,2016-11-09
1032698.7036095884,20161110,0.010830796415927102,2016-11-10
1033950.1986662007,20161111,0.0012118685268394103,2016-11-11
1045902.205492204,20161114,0.011559557550664845,2016-11-14
1052300.3170329116,20161115,0.00611731336554211,2016-11-15
1049817.8591793522,20161116,-0.0023590773597398362,2016-11-16
1048595.3151276289,20161117,-0.0011645296762993196,2016-11-17
1044911.1640719505,20161118,-0.0035134155212489526,2016-11-18
1052823.9658364286,20161121,0.007572702863698488,2016-11-21
1057881.137981261,20161122,0.004803435625455821,2016-11-22
1063713.9345751046,20161123,0.005513659696187112,2016-11-23
1065190.0718492337,20161125,0.0013877201624878932,2016-11-25
1063984.7555791407,20161128,-0.0011315504171011126,2016-11-28
1073303.4273110754,20161129,0.008758275607870347,2016-11-29
1074115.870488528,20161130,0.0007569557282491868,2016-11-30
1077404.2952291062,20161201,0.0030615176918320497,2016-12-01
1077679.2809744664,20161202,0.0002552298580744683,2016-12-02
1073765.6429111604,20161205,-0.003631542456459913,2016-12-05
1074806.31919795,20161206,0.0009691838192626978,2016-12-06
1085735.4065928608,20161207,0.010168424952196498,2016-12-07
1085694.2492254735,20161208,-3.7907364112244046e-05,2016-12-08
1097151.058409225,20161209,0.010552518991350235,2016-12-09
1101996.7454272646,20161212,0.0044166087986694524,2016-12-12
1112122.9503468822,20161213,0.009188960821922887,2016-12-13
1097959.2988126196,20161214,-0.01273568855839613,2016-12-14
1101045.4858787863,20161215,0.0028108392264669657,2016-12-15
1106365.2957820164,20161216,0.004831598668227688,2016-12-16
1104226.6840858122,20161219,-0.0019330068507730225,2016-12-19
1107153.4853641726,20161220,0.002650543878844447,2016-12-20
1104931.1722969413,20161221,-0.0020072312435527317,2016-12-21
1103609.8952244495,20161222,-0.0011958003408892859,2016-12-22
1105547.7704405286,20161223,0.0017559422260209345,2016-12-23
1106024.1540948416,20161227,0.00043090282215763054,2016-12-27
1097610.984302498,20161228,-0.007606678173524006,2016-12-28
1097414.7118105248,20161229,-0.00017881790067708625,2016-12-29
1092410.0185688895,20161230,-0.00456043935603756,2016-12-30
1092410.0185688895,20170103,0.0,2017-01-03
1101774.8540479844,20170104,0.008572637855668308,2017-01-04
1099276.694861937,20170105,-0.0022673953547486247,2017-01-05
1100796.5178597085,20170106,0.0013825663773963104,2017-01-06
1093692.9181684242,20170109,-0.006453145132668037,2017-01-09
1092093.6911479265,20170110,-0.0014622267310424597,2017-01-10
1099630.24822734,20170111,0.0069010169553231915,2017-01-11
1094667.3984295663,20170112,-0.004513198691809328,2017-01-12
1094069.304643645,20170113,-0.0005463703283566934,2017-01-13
1094492.9692614658,20170117,0.0003872374592932548,2017-01-17
1086830.873062633,20170118,-0.007000589692232606,2017-01-18
1081449.1953155296,20170119,-0.004951715929763845,2017-01-19
1083012.3029242351,20170120,0.0014453823771622965,2017-01-20
1079372.5795140495,20170123,-0.0033607405939508617,2017-01-23
1084858.6842489676,20170124,0.005082679363031417,2017-01-24
1092370.3459951316,20170125,0.00692409237739966,2017-01-25
1094023.3446575971,20170126,0.0015132218377456041,2017-01-26
1097315.3738142422,20170127,0.0030091032085566294,2017-01-27
1091497.015618777,20170130,-0.0053023573115911216,2017-01-30
1087267.473352034,20170131,-0.003874992057898652,2017-01-31
1084468.0827920155,20170201,-0.0025747027558803426,2017-02-01
1080596.575172718,20170202,-0.0035699599469356524,2017-02-02
1084886.619948094,20170203,0.003970070675719528,2017-02-03
1082135.368709238,20170206,-0.0025359804317501844,2017-02-06
1081579.1842051018,20170207,-0.0005139694350806412,2017-02-07
1076632.6140157306,20170208,-0.004573470219849551,2017-02-08
1082325.40708765,20170209,0.00528759114094246,2017-02-09
1088757.214927942,20170210,0.005942582330760393,2017-02-10
1095092.2948495143,20170213,0.005818634158940128,2017-02-13
1099019.4631227364,20170214,0.003586152776065221,2017-02-14
1103906.345648752,20170215,0.004446584150684663,2017-02-15
1103709.372024225,20170216,-0.0001784332749815709,2017-02-16
1096365.2091503723,20170217,-0.006654073128312232,2017-02-17
1102734.108239139,20170221,0.005809103604903942,2017-02-21
1101090.751413275,20170222,-0.0014902566390080363,2017-02-22
1107046.9330327993,20170223,0.00540934669724491,2017-02-23
1107083.5875656886,20170224,3.311018873342064e-05,2017-02-24
1110546.5992590368,20170227,0.003128048985860943,2017-02-27
1107378.6672799035,20170228,-0.0028525880690165595,2017-02-28
1123342.4368884885,20170301,0.014415818256457325,2017-03-01
1119248.7028559742,20170302,-0.003644244086294268,2017-03-02
1117475.2936836805,20170303,-0.0015844639066978639,2017-03-03
1116365.6651734211,20170306,-0.0009929781146226224,2017-03-06
1114031.8348164712,20170307,-0.0020905608527358455,2017-03-07
1106325.4384770298,20170308,-0.006917572818474271,2017-03-08
1107847.533063247,20170309,0.0013758108900692179,2017-03-09
1110834.956697966,20170310,0.0026966017845961865,2017-03-10
1110255.0185412087,20170313,-0.0005220740968407966,2017-03-13
1107641.2303785922,20170314,-0.0023542232360731496,2017-03-14
1115354.6565789562,20170315,0.0069638308766526436,2017-03-15
1113509.2367432541,20170316,-0.0016545587762751834,2017-03-16
1111543.1494991414,20170317,-0.0017656676561238482,2017-03-17
1107851.5541145906,20170320,-0.0033211444703825643,2017-03-20
1095792.043610836,20170321,-0.010885493150201708,2017-03-21
1095966.59333842,20170322,0.0001592909244063634,2017-03-22
1094153.8550469386,20170323,-0.001654008710210264,2017-03-23
1089442.722683449,20170324,-0.004305731174604754,2017-03-24
1088254.470095048,20170327,-0.001090697623344794,2017-03-27
1095257.6573822577,20170328,0.006435247894362561,2017-03-28
1092449.8939582356,20170329,-0.0025635642947550163,2017-03-29
1098942.8354804323,20170330,0.00594346849050531,2017-03-30
1091940.6380153291,20170331,-0.006371757692056779,2017-03-31
1091804.7971377769,20170403,-0.00012440317066975126,2017-04-03
1091804.7971377769,20170404,0.0,2017-04-04
1088349.4249165491,20170405,-0.0031648260112853155,2017-04-05
1090824.927305165,20170406,0.0022745474311300917,2017-04-06
1091560.8846826602,20170407,0.0006746796475520789,2017-04-07
1093023.1206073498,20170410,0.0013395825603577105,2017-04-10
1093267.5917206956,20170411,0.0002236650888134406,2017-04-11
1090479.3405967106,20170412,-0.0025503830398893035,2017-04-12
1084636.8929894485,20170413,-0.0053576875689044234,2017-04-13
1092696.4424667098,20170417,0.007430642945444932,2017-04-17
1089920.3425506165,20170418,-0.002540595730161188,2017-04-18
1087723.1459591421,20170419,-0.0020159240136141676,2017-04-19
1098105.3490096016,20170420,0.009544894846661212,2017-04-20
1098404.7810585406,20170421,0.00027268062140750615,2017-04-21
1106290.2264964704,20170424,0.007178997737364634,2017-04-24
1117199.6363842476,20170425,0.009861254873710923,2017-04-25
1120404.7240213135,20170426,0.002868858467801605,2017-04-26
1123347.2729346277,20170427,0.0026263267640938004,2017-04-27
1123356.0881922615,20170428,7.847312978093157e-06,2017-04-28
1120199.3153489123,20170501,-0.0028101266166005168,2017-05-01
1119079.1483309192,20170502,-0.0009999711682060486,2017-05-02
1118871.864216726,20170503,-0.00018522739388215914,2017-05-03
1118779.3486049394,20170504,-8.268651196385868e-05,2017-05-04
1120012.7799637474,20170505,0.0011024795553706834,2017-05-05
1120407.18840099,20170508,0.00035214637216496314,2017-05-08
1120121.023973296,20170509,-0.0002554110957665445,2017-05-09
1120121.023973296,20170510,0.0,2017-05-10
1120121.023973296,20170511,0.0,2017-05-11
1120225.2980663427,20170512,9.309180955896501e-05,2017-05-12
1120175.0867581915,20170515,-4.482250868453885e-05,2017-05-15
1120175.0867581915,20170516,0.0,2017-05-16
1120175.0867581915,20170517,0.0,2017-05-17
1120175.0867581915,20170518,0.0,2017-05-18
1120175.0867581915,20170519,0.0,2017-05-19
1120175.0867581915,20170522,0.0,2017-05-22
1120153.6361297162,20170523,-1.9149353283176573e-05,2017-05-23
1120402.279627012,20170524,0.00022197267345847038,2017-05-24
1120292.8133966886,20170525,-9.770261299357763e-05,2017-05-25
1120100.4746895677,20170526,-0.00017168610279461038,2017-05-26
1119757.897328927,20170530,-0.0003058452061951433,2017-05-30
1120095.8925366648,20170531,0.0003018466835948974,2017-05-31
1121487.4886092742,20170601,0.0012423901220257605,2017-06-01
1121979.7571675377,20170602,0.00043894253236298475,2017-06-02
1121612.217644095,20170605,-0.00032758124297238567,2017-06-05
1120599.957753412,20170606,-0.0009025043368457997,2017-06-06
1121977.1382847673,20170607,0.0012289671455247841,2017-06-07
1121003.5856519258,20170608,-0.0008677116490357628,2017-06-08
1122822.359106287,20170609,0.001622451058712171,2017-06-09
1120591.8679568265,20170612,-0.0019865040372333276,2017-06-12
1122757.066560788,20170613,0.0019321919655810316,2017-06-13
1124018.3955051985,20170614,0.0011234210694162083,2017-06-14
1122367.8547072685,20170615,-0.0014684286347360631,2017-06-15
1120693.417947475,20170616,-0.0014918787568360958,2017-06-16
1125507.8542116112,20170619,0.004295944088753334,2017-06-19
1124184.2321246848,20170620,-0.0011760220792537135,2017-06-20
1122097.6296139,20170621,-0.001856103698271161,2017-06-21
1121233.6697050605,20170622,-0.000769950747633974,2017-06-22
1115827.0733341079,20170623,-0.004822006792192468,2017-06-23
1116838.6361334785,20170626,0.0009065587522876228,2017-06-26
1114604.6156010428,20170627,-0.0020003073498334745,2017-06-27
1120272.9277569721,20170628,0.005085491372088802,2017-06-28
1113979.0381429007,20170629,-0.00561817523045316,2017-06-29
1116493.524457808,20170630,0.0022572115172823093,2017-06-30
1121220.6781532646,20170703,0.004233928448221125,2017-07-03
1121220.6781532646,20170705,0.0,2017-07-05
1110418.200631252,20170706,-0.009634568584486858,2017-07-06
1114489.867297672,20170707,0.0036667866792037263,2017-07-07
1110525.4786216111,20170710,-0.003557132991862333,2017-07-10
1108562.6164270365,20170711,-0.001767507573991911,2017-07-11
1114303.8705600193,20170712,0.005179007525517365,2017-07-12
1115711.8814697468,20170713,0.0012635789454988888,2017-07-13
1120266.785318802,20170714,0.004082509046201999,2017-07-14
1119354.6422737162,20170717,-0.0008142194850723206,2017-07-17
1118383.911980235,20170718,-0.0008672231809476738,2017-07-18
1124645.7367734385,20170719,0.005598993982411704,2017-07-19
1122502.9779415105,20170720,-0.0019052744894365592,2017-07-20
1120979.1820062287,20170721,-0.0013574983454174294,2017-07-21
1118347.6242230923,20170724,-0.0023475527693802567,2017-07-24
1122968.6593971462,20170725,0.00413202037896232,2017-07-25
1130206.880901317,20170726,0.006445613102022518,2017-07-26
1134804.4479759128,20170727,0.004067898676151538,2017-07-27
1133669.6612349276,20170728,-0.00099998439643878,2017-07-28
1133691.2542497257,20170731,1.9047007727701626e-05,2017-07-31
1134309.1568886691,20170801,0.0005450360815848487,2017-08-01
1134457.0945540294,20170802,0.0001304209390022848,2017-08-02
1134639.8308817537,20170803,0.00016107821847244352,2017-08-03
1134670.7278115198,20170804,2.7230605629258164e-05,2017-08-04
1135984.9735411785,20170807,0.0011582617736103362,2017-08-07
1135509.3632130106,20170808,-0.0004186766015797927,2017-08-08
1133075.378534717,20170809,-0.002143517928735017,2017-08-09
1127276.2121052602,20170810,-0.005118076466330224,2017-08-10
1128987.2138393929,20170811,0.0015178194268263834,2017-08-11
1134482.5852749154,20170814,0.00486752318198036,2017-08-14
1137357.3888523902,20170815,0.002534021777670592,2017-08-15
1137108.1655860636,20170816,-0.00021912484920683095,2017-08-16
1126897.5001865495,20170817,-0.008979502309924614,2017-08-17
1124166.3188335628,20170818,-0.002423628903724273,2017-08-18
1126896.3767800112,20170821,0.0024285178275766928,2017-08-21
1137507.5650938044,20170822,0.009416294641139578,2017-08-22
1130859.0639455924,20170823,-0.005844797302656857,2017-08-23
1130556.0626731736,20170824,-0.0002679390227121603,2017-08-24
1129588.509782354,20170825,-0.0008558203549249299,2017-08-25
1130876.1203860843,20170828,0.0011398935033237745,2017-08-28
1135801.313848841,20170829,0.004355201576875745,2017-08-29
1135704.504408825,20170830,-8.523448497166353e-05,2017-08-30
1139026.1165284072,20170831,0.0029247151056350784,2017-08-31
1141220.834980563,20170901,0.001926837690820582,2017-09-01
1133608.0973140248,20170905,-0.00667069635708839,2017-09-05
1134652.3026460914,20170906,0.0009211343272341743,2017-09-06
1136333.3727785521,20170907,0.0014815729263848443,2017-09-07
1137159.0675680295,20170908,0.0007266307663378324,2017-09-08
1151570.141140658,20170911,0.012672873992420897,2017-09-11
1153113.8929471972,20170912,0.001340562551413571,2017-09-12
1156493.1111312918,20170913,0.0029305155412340245,2017-09-13
1159664.8366358618,20170914,0.00274253730873264,2017-09-14
1163195.1443112926,20170915,0.003044248272347394,2017-09-15
1167871.2647406405,20170918,0.004020065293615538,2017-09-18
1165196.6599958471,20170919,-0.0022901537400077387,2017-09-19
1169800.1993448294,20170920,0.003950868988071621,2017-09-20
1170294.7215027628,20170921,0.0004227407023953411,2017-09-21
1168169.9571608277,20170922,-0.0018155805566709704,2017-09-22
1160809.5880849722,20170925,-0.006300769019727648,2017-09-25
1159364.392149713,20170926,-0.0012449896607449329,2017-09-26
1166531.7389629078,20170927,0.006182134678041296,2017-09-27
1170550.6290700224,20170928,0.00344516138985429,2017-09-28
1173218.5484323446,20170929,0.0022792003148481843,2017-09-29
1183479.232833124,20171002,0.008745757058213677,2017-10-02
1183479.232833124,20171003,0.0,2017-10-03
1187637.7315300836,20171004,0.003513791016851675,2017-10-04
1194348.3908319215,20171005,0.005650426155787702,2017-10-05
1195663.9001514942,20171006,0.0011014452145376996,2017-10-06
1191941.084247821,20171009,-0.0031135973104159387,2017-10-09
1193423.3340406248,20171010,0.0012435596124611425,2017-10-10
1195726.176368382,20171011,0.0019296106101431842,2017-10-11
1190994.893031448,20171012,-0.003956828436510351,2017-10-12
1189063.9854663585,20171013,-0.0016212559570046858,2017-10-13
1190545.2795221563,20171016,0.0012457647981130027,2017-10-16
1188099.08595285,20171017,-0.0020546833550825205,2017-10-17
1197244.3202938105,20171018,0.007697366700375907,2017-10-18
1193478.7756257826,20171019,-0.003145176472504674,2017-10-19
1212766.9456612968,20171020,0.01616130125598647,2017-10-20
1205937.7798308374,20171023,-0.005631061973523366,2017-10-23
1218681.9952093242,20171024,0.010567887988611302,2017-10-24
1195985.962454837,20171025,-0.018623425014651862,2017-10-25
1202845.7820559978,20171026,0.005735702438413703,2017-10-26
1199412.2790840857,20171027,-0.0028544831125759673,2017-10-27
1202298.423943602,20171030,0.0024062992432596353,2017-10-30
1201549.5329530244,20171031,-0.0006228827848923091,2017-10-31
1207569.0568187442,20171101,0.005009800845185097,2017-11-01
1216731.1479662226,20171102,0.007587219211806717,2017-11-02
1211025.116408017,20171103,-0.00468964040884734,2017-11-03
1213747.2702042146,20171106,0.002247809528733491,2017-11-06
1217697.0314419132,20171107,0.0032541875352964933,2017-11-07
1216925.641493551,20171108,-0.000633482654916917,2017-11-08
1207165.7183536598,20171109,-0.00802014749883373,2017-11-09
1202245.724318017,20171110,-0.004075657518134879,2017-11-10
1207014.025402726,20171113,0.003966161815558644,2017-11-13
1199467.6889940673,20171114,-0.006252070191264614,2017-11-14
1201263.3356791688,20171115,0.0014970363116721952,2017-11-15
1211912.809309295,20171116,0.008865228225837019,2017-11-16
1206053.9681438766,20171117,-0.00483437514680396,2017-11-17
1212901.0711746702,20171120,0.0056772774781639335,2017-11-20
1220930.6222654248,20171121,0.006620120372206495,2017-11-21
1212971.8822258716,20171122,-0.006518584999355537,2017-11-22
1215536.9015689306,20171124,0.0021146568858232406,2017-11-24
1212990.3969041249,20171127,-0.0020949628608715187,2017-11-27
1227739.9484064213,20171128,0.012159660571049224,2017-11-28
1232549.6786786006,20171129,0.0039175480755693215,2017-11-29
1257514.5062574786,20171130,0.02025462178988402,2017-11-30
1244650.7401486416,20171201,-0.010229517071036587,2017-12-01
1262198.6165481831,20171204,0.014098634929061271,2017-12-04
1252074.1379061658,20171205,-0.008021303865555995,2017-12-05
1256346.4428542021,20171206,0.003412182089457483,2017-12-06
1267962.4083248137,20171207,0.009245829871752598,2017-12-07
1279431.0407864656,20171208,0.009044930974573484,2017-12-08
1275287.5206299995,20171211,-0.0032385646622417052,2017-12-11
1298112.8441943263,20171212,0.017898178406898335,2017-12-12
1301238.775245255,20171213,0.002408058024315096,2017-12-13
1304292.4186412382,20171214,0.002346720259244872,2017-12-14
1308498.4958696947,20171215,0.0032247961947353687,2017-12-15
1319879.1844293205,20171218,0.00869751749470793,2017-12-18
1318958.6017749512,20171219,-0.0006974749395470825,2017-12-19
1319219.4711654496,20171220,0.00019778436574680036,2017-12-20
1318577.6838292005,20171221,-0.00048649019384328085,2017-12-21
1318100.0692424995,20171222,-0.000362219528328378,2017-12-22
1315931.4708982522,20171226,-0.0016452456037678864,2017-12-26
1315675.1562321358,20171227,-0.00019477812620549706,2017-12-27
1318422.547892672,20171228,0.0020881990873828915,2017-12-28
1311888.2538516966,20171229,-0.004956145547889479,2017-12-29
1320889.380576707,20180102,0.006861199266464224,2018-01-02
1320889.380576707,20180103,0.0,2018-01-03
1330266.6191794635,20180104,0.007099185397843266,2018-01-04
1361014.7146349396,20180105,0.02311423515568789,2018-01-05
1359653.7006993222,20180108,-0.0009999994276200797,2018-01-08
1359653.7006993222,20180109,0.0,2018-01-09
1359653.7006993222,20180110,0.0,2018-01-10
1359653.7006993222,20180111,0.0,2018-01-11
1359653.7006993222,20180112,0.0,2018-01-12
1359653.7006993222,20180116,0.0,2018-01-16
1359653.7006993222,20180117,0.0,2018-01-17
1359653.7006993222,20180118,0.0,2018-01-18
1359653.7006993222,20180119,0.0,2018-01-19
1359653.7006993222,20180122,0.0,2018-01-22
1359653.7006993222,20180123,0.0,2018-01-23
1359653.7006993222,20180124,0.0,2018-01-24
1359653.7006993222,20180125,0.0,2018-01-25
1359653.7006993222,20180126,0.0,2018-01-26
1359653.7006993222,20180129,0.0,2018-01-29
1359653.7006993222,20180130,0.0,2018-01-30
1359653.7006993222,20180131,0.0,2018-01-31
1359653.7006993222,20180201,0.0,2018-02-01
1359653.7006993222,20180202,0.0,2018-02-02
1359653.7006993222,20180205,0.0,2018-02-05
1359653.7006993222,20180206,0.0,2018-02-06
1359653.7006993222,20180207,0.0,2018-02-07
1359653.7006993222,20180208,0.0,2018-02-08
1359653.7006993222,20180209,0.0,2018-02-09
1359653.7006993222,20180212,0.0,2018-02-12
1359653.7006993222,20180213,0.0,2018-02-13
1359653.7006993222,20180214,0.0,2018-02-14
1359653.7006993222,20180215,0.0,2018-02-15
1359653.7006993222,20180216,0.0,2018-02-16
1359653.7006993222,20180220,0.0,2018-02-20
1359653.7006993222,20180221,0.0,2018-02-21
1359653.7006993222,20180222,0.0,2018-02-22
1359653.7006993222,20180223,0.0,2018-02-23
1359653.7006993222,20180226,0.0,2018-02-26
1359653.7006993222,20180227,0.0,2018-02-27
1359653.7006993222,20180228,0.0,2018-02-28
1359653.7006993222,20180301,0.0,2018-03-01
1359653.7006993222,20180302,0.0,2018-03-02
1359653.7006993222,20180305,0.0,2018-03-05
1359653.7006993222,20180306,0.0,2018-03-06
1359653.7006993222,20180307,0.0,2018-03-07
1359653.7006993222,20180308,0.0,2018-03-08
1359653.7006993222,20180309,0.0,2018-03-09
1359653.7006993222,20180312,0.0,2018-03-12
1359653.7006993222,20180313,0.0,2018-03-13
1359653.7006993222,20180314,0.0,2018-03-14
1359653.7006993222,20180315,0.0,2018-03-15
1359653.7006993222,20180316,0.0,2018-03-16
1357951.767246062,20180319,-0.001251740389766054,2018-03-19
1357984.0014153728,20180320,2.373734479266254e-05,2018-03-20
1358094.1692531805,20180321,8.112602040433181e-05,2018-03-21
1352772.888635885,20180322,-0.003918197086599462,2018-03-22
1348651.7038358888,20180323,-0.003046472053525484,2018-03-23
1354997.1765842382,20180326,0.0047050492950118095,2018-03-26
1351431.7299304458,20180327,-0.0026313314266679377,2018-03-27
1352467.5135110677,20180328,0.0007664342620365971,2018-03-28
1355521.3405271512,20180329,0.002257967001481287,2018-03-29
1346620.0303575164,20180402,-0.006566706036640668,2018-04-02
1352798.0731027378,20180403,0.004587814384122257,2018-04-03
1357261.240371468,20180404,0.003299211728246876,2018-04-04
1357261.240371468,20180405,0.0,2018-04-05
1350413.5456253216,20180406,-0.005045229718836031,2018-04-06
1351303.8185693468,20180409,0.0006592594889982539,2018-04-09
1360810.2096544437,20180410,0.00703497685306731,2018-04-10
1357621.1952396436,20180411,-0.002343467437395219,2018-04-11
1363611.6881362866,20180412,0.00441249217207873,2018-04-12
1362053.7852899618,20180413,-0.0011424827609493038,2018-04-13
1369474.9454604906,20180416,0.005448507430966698,2018-04-16
1377363.5271666436,20180417,0.005760296478808824,2018-04-17
1379568.6225883123,20180418,0.0016009538354806452,2018-04-18
1370243.7503516166,20180419,-0.006759266689612353,2018-04-19
1369085.8070621318,20180420,-0.0008450637262076288,2018-04-20
1369085.8070621318,20180423,0.0,2018-04-23
1369085.8070621318,20180424,0.0,2018-04-24
1369085.8070621318,20180425,0.0,2018-04-25
1369085.8070621318,20180426,0.0,2018-04-26
1369085.8070621318,20180427,0.0,2018-04-27
1369085.8070621318,20180430,0.0,2018-04-30
1369085.8070621318,20180501,0.0,2018-05-01
1369085.8070621318,20180502,0.0,2018-05-02
1369085.8070621318,20180503,0.0,2018-05-03
1369085.8070621318,20180504,0.0,2018-05-04
1369085.8070621318,20180507,0.0,2018-05-07
1369085.8070621318,20180508,0.0,2018-05-08
1369085.8070621318,20180509,0.0,2018-05-09
1369085.8070621318,20180510,0.0,2018-05-10
1369085.8070621318,20180511,0.0,2018-05-11
1369085.8070621318,20180514,0.0,2018-05-14
1369085.8070621318,20180515,0.0,2018-05-15
1369686.350523315,20180516,0.00043864559700002026,2018-05-16
1369498.5081677085,20180517,-0.00013714260606789708,2018-05-17
1369269.4034724892,20180518,-0.00016729094179579462,2018-05-18
1371347.941366275,20180521,0.0015179904615663098,2018-05-21
1368481.8822007966,20180522,-0.0020899576825287314,2018-05-22
1369177.8393574457,20180523,0.0005085614692463825,2018-05-23
1367663.4869465188,20180524,-0.0011060304712773306,2018-05-24
1365843.0471722935,20180525,-0.001331058254899764,2018-05-25
1357836.0541718465,20180529,-0.005862308276945782,2018-05-29
1364859.8717176612,20180530,0.005172802360221995,2018-05-30
1358856.1224318964,20180531,-0.004398802697751725,2018-05-31
1364430.5322264608,20180601,0.004102281104336525,2018-06-01
1370695.909102237,20180604,0.004591935410264147,2018-06-04
1370258.5948705073,20180605,-0.0003190454052031111,2018-06-05
1380606.3378893356,20180606,0.007551671675379179,2018-06-06
1386642.414996582,20180607,0.0043720479484936625,2018-06-07
1387504.0958982322,20180608,0.0006214153644306109,2018-06-08
1387288.683326977,20180611,-0.00015525184530407188,2018-06-11
1388973.1819974415,20180612,0.0012142380246515927,2018-06-12
1384433.7003961029,20180613,-0.0032682284007892193,2018-06-13
1385632.8314204742,20180614,0.0008661527265829694,2018-06-14
1379230.9087930964,20180615,-0.00462021574706406,2018-06-15
1372958.9240201963,20180618,-0.004547450853163104,2018-06-18
1357222.1159487679,20180619,-0.011461965683102204,2018-06-19
1358062.3275907582,20180620,0.0006190671608699017,2018-06-20
1346450.63192876,20180621,-0.008550193482354862,2018-06-21
1353070.4755507056,20180622,0.004916514178067377,2018-06-22
1334002.87823017,20180625,-0.014092094732001903,2018-06-25
1335592.3704928008,20180626,0.001191520864437301,2018-06-26
1328503.9503303105,20180627,-0.005307323041891077,2018-06-27
1331516.4679677805,20180628,0.0022676015654459203,2018-06-28
1332438.1026746598,20180629,0.0006921692138632807,2018-06-29
1331105.6658249972,20180702,-0.0009999990596095687,2018-07-02
1331105.6658249972,20180703,0.0,2018-07-03
1331105.6658249972,20180705,0.0,2018-07-05
1331650.4207984526,20180706,0.00040924998476188357,2018-07-06
1336392.2227215795,20180709,0.0035608458864779813,2018-07-09
1340321.215053985,20180710,0.0029399993995804508,2018-07-10
1332839.2694998132,20180711,-0.00558220333315429,2018-07-11
1339629.8180112985,20180712,0.005094799250650706,2018-07-12
1345521.5499034221,20180713,0.004398029823544869,2018-07-13
1347889.801926571,20180716,0.0017600996604765218,2018-07-16
1345991.1430337916,20180717,-0.0014086158156739748,2018-07-17
1349197.8078808314,20180718,0.0023823818333694735,2018-07-18
1346393.851619895,20180719,-0.002078239561729256,2018-07-19
1343385.345828517,20180720,-0.002234491629442892,2018-07-20
1338357.8376168413,20180723,-0.0037424170416084923,2018-07-23
1348926.5782242946,20180724,0.007896797336557349,2018-07-24
1357606.366203919,20180725,0.006434588894415949,2018-07-25
1365606.5904405108,20180726,0.005892889452899119,2018-07-26
1363095.3812419735,20180727,-0.001838896513912669,2018-07-27
1355242.6188326154,20180730,-0.005760977931128397,2018-07-30
1364733.129320875,20180731,0.007002812895918753,2018-07-31
1351130.963264047,20180801,-0.009966905444434349,2018-08-01
1349779.838919421,20180802,-0.0009999951014089126,2018-08-02
1349779.838919421,20180803,0.0,2018-08-03
1349779.838919421,20180806,0.0,2018-08-06
1349779.838919421,20180807,0.0,2018-08-07
1349779.838919421,20180808,0.0,2018-08-08
1349779.838919421,20180809,0.0,2018-08-09
1349779.838919421,20180810,0.0,2018-08-10
1349779.838919421,20180813,0.0,2018-08-13
1349779.838919421,20180814,0.0,2018-08-14
1349779.838919421,20180815,0.0,2018-08-15
1349779.838919421,20180816,0.0,2018-08-16
1349779.838919421,20180817,0.0,2018-08-17
1349779.838919421,20180820,0.0,2018-08-20
1349779.838919421,20180821,0.0,2018-08-21
1349779.838919421,20180822,0.0,2018-08-22
1348626.451311825,20180823,-0.0008545005447104792,2018-08-23
1350284.3262633085,20180824,0.0012293062692569912,2018-08-24
1354210.2556765159,20180827,0.0029074835105815655,2018-08-27
1353792.5319187627,20180828,-0.0003084629997462951,2018-08-28
1357606.2174146506,20180829,0.002817038361470736,2018-08-29
1352610.3451029256,20180830,-0.0036799126636580803,2018-08-30
1351400.553471675,20180831,-0.0008944125228900202,2018-08-31
1351400.553471675,20180904,0.0,2018-09-04
1351782.1754720723,20180905,0.0002823899985959777,2018-09-05
1351333.0013229982,20180906,-0.0003322829352423451,2018-09-06
1349887.00828687,20180907,-0.0010700493769577601,2018-09-07
1346377.457120609,20180910,-0.002599885134619506,2018-09-10
1348969.7894659394,20180911,0.001925412767140644,2018-09-11
1347960.000693007,20180912,-0.0007485629261810844,2018-09-12
1347960.000693007,20180913,0.0,2018-09-13
1347960.000693007,20180914,0.0,2018-09-14
1347960.000693007,20180917,0.0,2018-09-17
1349275.615966015,20180918,0.0009760046828777291,2018-09-18
1349074.1318477672,20180919,-0.00014932762132779942,2018-09-19
1350814.70911596,20180920,0.0012902013515068145,2018-09-20
1353187.381817027,20180921,0.0017564753219336815,2018-09-21
1348522.3983590994,20180924,-0.0034474039003109525,2018-09-24
1346868.5398533521,20180925,-0.001226422718495268,2018-09-25
1344208.9590036827,20180926,-0.00197464026441585,2018-09-26
1346661.6014319786,20180927,0.0018245990787875144,2018-09-27
1345435.4277368991,20180928,-0.0009105284458810203,2018-09-28
1345435.4277368991,20181001,0.0,2018-10-01
1345435.4277368991,20181002,0.0,2018-10-02
1345435.4277368991,20181003,0.0,2018-10-03
1343074.904394675,20181004,-0.0017544679540619779,2018-10-04
1342813.404584238,20181005,-0.00019470232790541608,2018-10-05
1342813.404584238,20181008,0.0,2018-10-08
1342813.404584238,20181009,0.0,2018-10-09
1342813.404584238,20181010,0.0,2018-10-10
1342813.404584238,20181011,0.0,2018-10-11
1345977.452123662,20181012,0.0023562823610652206,2018-10-12
1343857.129214108,20181015,-0.0015753034393024556,2018-10-15
1358286.601324705,20181016,0.010737355777570956,2018-10-16
1356019.0425409582,20181017,-0.0016694258645674198,2018-10-17
1355093.0566558978,20181018,-0.0006828708565369546,2018-10-18
1355093.0566558978,20181019,0.0,2018-10-19
1355093.0566558978,20181022,0.0,2018-10-22
1355093.0566558978,20181023,0.0,2018-10-23
1355093.0566558978,20181024,0.0,2018-10-24
1355093.0566558978,20181025,0.0,2018-10-25
1355093.0566558978,20181026,0.0,2018-10-26
1355093.0566558978,20181029,0.0,2018-10-29
1355093.0566558978,20181030,0.0,2018-10-30
1355093.0566558978,20181031,0.0,2018-10-31
1355093.0566558978,20181101,0.0,2018-11-01
1355093.0566558978,20181102,0.0,2018-11-02
1355093.0566558978,20181105,0.0,2018-11-05
1355093.0566558978,20181106,0.0,2018-11-06
1355093.0566558978,20181107,0.0,2018-11-07
1355093.0566558978,20181108,0.0,2018-11-08
1355093.0566558978,20181109,0.0,2018-11-09
1355093.0566558978,20181112,0.0,2018-11-12
1355093.0566558978,20181113,0.0,2018-11-13
1355093.0566558978,20181114,0.0,2018-11-14
1355093.0566558978,20181115,0.0,2018-11-15
1355093.0566558978,20181116,0.0,2018-11-16
1355093.0566558978,20181119,0.0,2018-11-19
1355093.0566558978,20181120,0.0,2018-11-20
1355093.0566558978,20181121,0.0,2018-11-21
1355093.0566558978,20181123,0.0,2018-11-23
1355093.0566558978,20181126,0.0,2018-11-26
1355093.0566558978,20181127,0.0,2018-11-27
1355093.0566558978,20181128,0.0,2018-11-28
1355093.0566558978,20181129,0.0,2018-11-29
1355093.0566558978,20181130,0.0,2018-11-30
1355093.0566558978,20181203,0.0,2018-12-03
1355093.0566558978,20181204,0.0,2018-12-04
1355093.0566558978,20181206,0.0,2018-12-06
1355093.0566558978,20181207,0.0,2018-12-07
1355093.0566558978,20181210,0.0,2018-12-10
1355093.0566558978,20181211,0.0,2018-12-11
1355093.0566558978,20181212,0.0,2018-12-12
1355093.0566558978,20181213,0.0,2018-12-13
1355093.0566558978,20181214,0.0,2018-12-14
1355093.0566558978,20181217,0.0,2018-12-17
1355093.0566558978,20181218,0.0,2018-12-18
1355093.0566558978,20181219,0.0,2018-12-19
1355093.0566558978,20181220,0.0,2018-12-20
1355093.0566558978,20181221,0.0,2018-12-21
1355093.0566558978,20181224,0.0,2018-12-24
1361554.1607277396,20181226,0.004768015037865059,2018-12-26
1361409.483646251,20181227,-0.00010625877813863482,2018-12-27
1361409.483646251,20181228,0.0,2018-12-28
1361409.483646251,20181231,0.0,2018-12-31
1361409.483646251,20190102,0.0,2019-01-02
1361409.483646251,20190103,0.0,2019-01-03
1361409.483646251,20190104,0.0,2019-01-04
1361938.8753540586,20190107,0.00038885560455304,2019-01-07
1363805.1395559292,20190108,0.0013702995307960375,2019-01-08
1364819.8745760077,20190109,0.0007440469247745884,2019-01-09
1365883.2864662365,20190110,0.0007791591476926651,2019-01-10
1366001.0635181088,20190111,8.622775682187722e-05,2019-01-11
1363152.608059876,20190114,-0.0020852512741803553,2019-01-14
1373499.1279400343,20190115,0.007590140545513879,2019-01-15
1375970.6385108987,20190116,0.0017994263851999204,2019-01-16
1381594.6494820798,20190117,0.00408730449166228,2019-01-17
1398902.911003343,20190118,0.012527742147634635,2019-01-18
1390140.601828873,20190122,-0.006263700722579424,2019-01-22
1406097.3484100595,20190123,0.011478512720363598,2019-01-23
1404746.3240433545,20190124,-0.0009608327390935312,2019-01-24
1409952.1573446903,20190125,0.003705888538189317,2019-01-25
1403206.9899566835,20190128,-0.004783968982826847,2019-01-28
1400437.8377956562,20190129,-0.00197344524424925,2019-01-29
1417798.6355504128,20190130,0.0123966928671988,2019-01-30
1407589.75240853,20190131,-0.007200516974626314,2019-01-31
1405400.8411623046,20190201,-0.001555077566087748,2019-02-01
1414959.1914280963,20190204,0.006801155930635794,2019-02-04
1421718.6510539846,20190205,0.0047771410418318005,2019-02-05
1421097.2854765088,20190206,-0.000437052420333095,2019-02-06
1410652.1393486853,20190207,-0.007350057054201664,2019-02-07
1401063.1725539411,20190208,-0.0067975417378032255,2019-02-08
1394002.4677644705,20190211,-0.005039533496979942,2019-02-11
1411706.0793197688,20190212,0.012699842335063494,2019-02-12
1416236.9499895743,20190213,0.003209500005828758,2019-02-13
1418780.3130535434,20190214,0.0017958598411007554,2019-02-14
1444983.444353739,20190215,0.018468772831926605,2019-02-15
1447477.4316473757,20190219,0.0017259625384511423,2019-02-19
1445471.7093131382,20190220,-0.0013856674310664951,2019-02-20
1443740.1584156484,20190221,-0.0011979140693888501,2019-02-21
1452182.9345698017,20190222,0.0058478501861569665,2019-02-22
1450202.2458702775,20190225,-0.0013639388346833314,2019-02-25
1450481.6626791302,20190226,0.00019267437328029935,2019-02-26
1434201.4026930856,20190227,-0.011224037093977457,2019-02-27
1425030.7178807857,20190228,-0.0063942796284256476,2019-02-28
1429552.6905382457,20190301,0.00317324574180744,2019-03-01
1405677.5082583793,20190304,-0.01670115584958054,2019-03-04
1410423.9999515219,20190305,0.003376657636802838,2019-03-05
1405631.6444145849,20190306,-0.003397811960872521,2019-03-06
1393196.8186521428,20190307,-0.008846432713615293,2019-03-07
1392320.606364996,20190308,-0.0006289221130970635,2019-03-08
1413003.3709135868,20190311,0.014854886478042229,2019-03-11
1419228.330517896,20190312,0.004405481071346973,2019-03-12
1432065.1126098153,20190313,0.009044902653003728,2019-03-13
1435747.8441174615,20190314,0.0025716229487182662,2019-03-14
1444045.5548809057,20190315,0.005779364947293253,2019-03-15
1447414.885316639,20190318,0.0023332577177672675,2019-03-18
1446192.3759298252,20190319,-0.0008446157347250516,2019-03-19
1436340.182619159,20190320,-0.006812505358653742,2019-03-20
1446711.4753952718,20190321,0.00722063818976415,2019-03-21
1427886.0216384071,20190322,-0.01301258341904088,2019-03-22
1424614.7813705485,20190325,-0.0022909673589388557,2019-03-25
1429423.7086518644,20190326,0.0033755983331082984,2019-03-26
1423745.68569474,20190327,-0.003972246243543642,2019-03-27
1430306.0147972628,20190328,0.004607795597513453,2019-03-28
1444111.5228131514,20190329,0.009652135887749491,2019-03-29
1445565.7889538594,20190401,0.0010070317407862017,2019-04-01
1428621.0998750422,20190402,-0.01172183874874333,2019-04-02
1427192.4884809854,20190403,-0.0009999932061635075,2019-04-03
1427192.4884809854,20190404,0.0,2019-04-04
1427192.4884809854,20190405,0.0,2019-04-05
1427190.1454156772,20190408,-1.6417304092852802e-06,2019-04-08
1427066.072721639,20190409,-8.693494306755145e-05,2019-04-09
1427066.072721639,20190410,0.0,2019-04-10
1427066.072721639,20190411,0.0,2019-04-11
1427066.072721639,20190412,0.0,2019-04-12
1427066.072721639,20190415,0.0,2019-04-15
1427066.072721639,20190416,0.0,2019-04-16
1427066.072721639,20190417,0.0,2019-04-17
1427066.072721639,20190418,0.0,2019-04-18
1427066.072721639,20190422,0.0,2019-04-22
1427066.072721639,20190423,0.0,2019-04-23
1427066.072721639,20190424,0.0,2019-04-24
1427066.072721639,20190425,0.0,2019-04-25
1427066.072721639,20190426,0.0,2019-04-26
1427066.072721639,20190429,0.0,2019-04-29
1427066.072721639,20190430,0.0,2019-04-30
1427066.072721639,20190501,0.0,2019-05-01
1427066.072721639,20190502,0.0,2019-05-02
1427066.072721639,20190503,0.0,2019-05-03
1427066.072721639,20190506,0.0,2019-05-06
1427066.072721639,20190507,0.0,2019-05-07
1427066.072721639,20190508,0.0,2019-05-08
1427066.072721639,20190509,0.0,2019-05-09
1427066.072721639,20190510,0.0,2019-05-10
1427066.072721639,20190513,0.0,2019-05-13
1427066.072721639,20190514,0.0,2019-05-14
1427066.072721639,20190515,0.0,2019-05-15
1427066.072721639,20190516,0.0,2019-05-16
1427066.072721639,20190517,0.0,2019-05-17
1427066.072721639,20190520,0.0,2019-05-20
1427066.072721639,20190521,0.0,2019-05-21
1427066.072721639,20190522,0.0,2019-05-22
1427066.072721639,20190523,0.0,2019-05-23
1427066.072721639,20190524,0.0,2019-05-24
1427066.072721639,20190528,0.0,2019-05-28
1427066.072721639,20190529,0.0,2019-05-29
1427066.072721639,20190530,0.0,2019-05-30
1427066.072721639,20190531,0.0,2019-05-31
1427066.072721639,20190603,0.0,2019-06-03
1427066.072721639,20190604,0.0,2019-06-04
1427066.072721639,20190605,0.0,2019-06-05
1427066.072721639,20190606,0.0,2019-06-06
1427066.072721639,20190607,0.0,2019-06-07
1427066.072721639,20190610,0.0,2019-06-10
1427066.072721639,20190611,0.0,2019-06-11
1427066.072721639,20190612,0.0,2019-06-12
1427066.072721639,20190613,0.0,2019-06-13
1427066.072721639,20190614,0.0,2019-06-14
1427066.072721639,20190617,0.0,2019-06-17
1427066.072721639,20190618,0.0,2019-06-18
1427066.072721639,20190619,0.0,2019-06-19
1427066.072721639,20190620,0.0,2019-06-20
1427066.072721639,20190621,0.0,2019-06-21
1427066.072721639,20190624,0.0,2019-06-24
1427066.072721639,20190625,0.0,2019-06-25
1427066.072721639,20190626,0.0,2019-06-26
1426639.8924565518,20190627,-0.000298640878116041,2019-06-27
1427934.5266684676,20190628,0.0009074709173360063,2019-06-28
1429082.6672480204,20190701,0.000804056879436521,2019-07-01
1429704.9560588615,20190702,0.0004354463356828209,2019-07-02
1431496.2367704315,20190703,0.0012529023586151933,2019-07-03
1429899.4541690797,20190705,-0.0011154640580504083,2019-07-05
1429899.4541690797,20190708,0.0,2019-07-08
1425565.120603706,20190709,-0.0030312156234036935,2019-07-09
1427394.7569730743,20190710,0.0012834463630770898,2019-07-10
1432954.8154364359,20190711,0.0038952493248274322,2019-07-11
1432272.7389741915,20190712,-0.0004759930005445723,2019-07-12
1432272.7389741915,20190715,0.0,2019-07-15
1432272.7389741915,20190716,0.0,2019-07-16
1432272.7389741915,20190717,0.0,2019-07-17
1431942.6062029854,20190718,-0.00023049574443656518,2019-07-18
1429535.937815055,20190719,-0.001680701710742416,2019-07-19
1429751.2039041764,20190722,0.00015058459422179205,2019-07-22
1432396.9781461668,20190723,0.0018505137360722568,2019-07-23
1429864.5057788638,20190724,-0.001767996167222119,2019-07-24
1429307.9549057381,20190725,-0.0003892332950964361,2019-07-25
1429307.9549057381,20190726,0.0,2019-07-26
1429307.9549057381,20190729,0.0,2019-07-29
1429307.9549057381,20190730,0.0,2019-07-30
1429307.9549057381,20190731,0.0,2019-07-31
1428279.722881231,20190801,-0.0007193915215947255,2019-08-01
1428124.4249068368,20190802,-0.00010873078424789018,2019-08-02
1422455.2915120404,20190805,-0.003969635485483902,2019-08-05
1425707.9188510585,20190806,0.0022866288722231953,2019-08-06
1425897.854998796,20190807,0.00013322234184598436,2019-08-07
1425479.5057239104,20190808,-0.00029339357894320184,2019-08-08
1425479.5057239104,20190809,0.0,2019-08-09
1425479.5057239104,20190812,0.0,2019-08-12
1425479.5057239104,20190813,0.0,2019-08-13
1425479.5057239104,20190814,0.0,2019-08-14
1425479.5057239104,20190815,0.0,2019-08-15
1425479.5057239104,20190816,0.0,2019-08-16
1425479.5057239104,20190819,0.0,2019-08-19
1425479.5057239104,20190820,0.0,2019-08-20
1425479.5057239104,20190821,0.0,2019-08-21
1425479.5057239104,20190822,0.0,2019-08-22
1425479.5057239104,20190823,0.0,2019-08-23
1425479.5057239104,20190826,0.0,2019-08-26
1425479.5057239104,20190827,0.0,2019-08-27
1425479.5057239104,20190828,0.0,2019-08-28
1425479.5057239104,20190829,0.0,2019-08-29
1425479.5057239104,20190830,0.0,2019-08-30
1425479.5057239104,20190903,0.0,2019-09-03
1425479.5057239104,20190904,0.0,2019-09-04
1425479.5057239104,20190905,0.0,2019-09-05
1425479.5057239104,20190906,0.0,2019-09-06
1425479.5057239104,20190909,0.0,2019-09-09
1425479.5057239104,20190910,0.0,2019-09-10
1425479.5057239104,20190911,0.0,2019-09-11
1425479.5057239104,20190912,0.0,2019-09-12
1425479.5057239104,20190913,0.0,2019-09-13
1425479.5057239104,20190916,0.0,2019-09-16
1425479.5057239104,20190917,0.0,2019-09-17
1425479.5057239104,20190918,0.0,2019-09-18
1425479.5057239104,20190919,0.0,2019-09-19
1425479.5057239104,20190920,0.0,2019-09-20
1425479.5057239104,20190923,0.0,2019-09-23
1425479.5057239104,20190924,0.0,2019-09-24
1425479.5057239104,20190925,0.0,2019-09-25
1425479.5057239104,20190926,0.0,2019-09-26
1425479.5057239104,20190927,0.0,2019-09-27
1425479.5057239104,20190930,0.0,2019-09-30
1425479.5057239104,20191001,0.0,2019-10-01
1425479.5057239104,20191002,0.0,2019-10-02
1425479.5057239104,20191003,0.0,2019-10-03
1425479.5057239104,20191004,0.0,2019-10-04
1424582.1071624255,20191007,-0.0006295415387463921,2019-10-07
1424428.153046517,20191008,-0.00010806966838527998,2019-10-08
1424428.153046517,20191009,0.0,2019-10-09
1424428.153046517,20191010,0.0,2019-10-10
1424428.153046517,20191011,0.0,2019-10-11
1424428.153046517,20191014,0.0,2019-10-14
1424428.153046517,20191015,0.0,2019-10-15
1424428.153046517,20191016,0.0,2019-10-16
1424428.153046517,20191017,0.0,2019-10-17
1424428.153046517,20191018,0.0,2019-10-18
1424428.153046517,20191021,0.0,2019-10-21
1424428.153046517,20191022,0.0,2019-10-22
1424428.153046517,20191023,0.0,2019-10-23
1424428.153046517,20191024,0.0,2019-10-24
1424428.153046517,20191025,0.0,2019-10-25
1424428.153046517,20191028,0.0,2019-10-28
1424428.153046517,20191029,0.0,2019-10-29
1424428.153046517,20191030,0.0,2019-10-30
1424428.153046517,20191031,0.0,2019-10-31
1424428.153046517,20191101,0.0,2019-11-01
1424428.153046517,20191104,0.0,2019-11-04
1424428.153046517,20191105,0.0,2019-11-05
1424428.153046517,20191106,0.0,2019-11-06
1424428.153046517,20191107,0.0,2019-11-07
1424428.153046517,20191108,0.0,2019-11-08
1424428.153046517,20191111,0.0,2019-11-11
1424428.153046517,20191112,0.0,2019-11-12
1425127.6879503203,20191113,0.0004910987629016539,2019-11-13
1425013.402487451,20191114,-8.019313906793002e-05,2019-11-14
1425013.402487451,20191115,0.0,2019-11-15
1425013.402487451,20191118,0.0,2019-11-18
1425013.402487451,20191119,0.0,2019-11-19
1425013.402487451,20191120,0.0,2019-11-20
1425013.402487451,20191121,0.0,2019-11-21
1425013.402487451,20191122,0.0,2019-11-22
1425013.402487451,20191125,0.0,2019-11-25
1425013.402487451,20191126,0.0,2019-11-26
1425013.402487451,20191127,0.0,2019-11-27
1425013.402487451,20191129,0.0,2019-11-29
1425013.402487451,20191202,0.0,2019-12-02
1425013.402487451,20191203,0.0,2019-12-03
1425013.402487451,20191204,0.0,2019-12-04
1425013.402487451,20191205,0.0,2019-12-05
1425013.402487451,20191206,0.0,2019-12-06
1425013.402487451,20191209,0.0,2019-12-09
1425013.402487451,20191210,0.0,2019-12-10
1425013.402487451,20191211,0.0,2019-12-11
1425013.402487451,20191212,0.0,2019-12-12
1425013.402487451,20191213,0.0,2019-12-13
1425013.402487451,20191216,0.0,2019-12-16
1425013.402487451,20191217,0.0,2019-12-17
1425013.402487451,20191218,0.0,2019-12-18
1425013.402487451,20191219,0.0,2019-12-19
1425013.402487451,20191220,0.0,2019-12-20
1425013.402487451,20191223,0.0,2019-12-23
1425013.402487451,20191224,0.0,2019-12-24
1425013.402487451,20191226,0.0,2019-12-26
1425013.402487451,20191227,0.0,2019-12-27
1425013.402487451,20191230,0.0,2019-12-30
1425013.402487451,20191231,0.0,2019-12-31
1425013.402487451,20200102,0.0,2020-01-02
1425013.402487451,20200103,0.0,2020-01-03
1425013.402487451,20200106,0.0,2020-01-06
1424651.5012739634,20200107,-0.0002539633752608461,2020-01-07
1426242.7849645766,20200108,0.0011169634743586343,2020-01-08
1425888.5561309084,20200109,-0.000248365031117026,2020-01-09
1425582.768522369,20200110,-0.00021445407302322916,2020-01-10
1425511.2481346354,20200113,-5.016922855183292e-05,2020-01-13
1425511.2481346354,20200114,0.0,2020-01-14
1425511.2481346354,20200115,0.0,2020-01-15
1425511.2481346354,20200116,0.0,2020-01-16
1425511.2481346354,20200117,0.0,2020-01-17
1425511.2481346354,20200121,0.0,2020-01-21
1425511.2481346354,20200122,0.0,2020-01-22
1425511.2481346354,20200123,0.0,2020-01-23
1425511.2481346354,20200124,0.0,2020-01-24
1425511.2481346354,20200127,0.0,2020-01-27
1425511.2481346354,20200128,0.0,2020-01-28
1425511.2481346354,20200129,0.0,2020-01-29
1425511.2481346354,20200130,0.0,2020-01-30
1425511.2481346354,20200131,0.0,2020-01-31
1425511.2481346354,20200203,0.0,2020-02-03
1425511.2481346354,20200204,0.0,2020-02-04
1425511.2481346354,20200205,0.0,2020-02-05
1425511.2481346354,20200206,0.0,2020-02-06
1425511.2481346354,20200207,0.0,2020-02-07
1425511.2481346354,20200210,0.0,2020-02-10
1425511.2481346354,20200211,0.0,2020-02-11
1425511.2481346354,20200212,0.0,2020-02-12
1425511.2481346354,20200213,0.0,2020-02-13
1425511.2481346354,20200214,0.0,2020-02-14
1425511.2481346354,20200218,0.0,2020-02-18
1425511.2481346354,20200219,0.0,2020-02-19
1425511.2481346354,20200220,0.0,2020-02-20
1425511.2481346354,20200221,0.0,2020-02-21
1420971.4444225072,20200224,-0.0031846845951365443,2020-02-24
1414329.6460647262,20200225,-0.004674125144351726,2020-02-25
1414126.7540079637,20200226,-0.00014345457392272998,2020-02-26
1414126.7540079637,20200227,0.0,2020-02-27
1410927.3103973588,20200228,-0.0022624871508419853,2020-02-28
1410783.7956225853,20200302,-0.00010171663254077146,2020-03-02
1410783.7956225853,20200303,0.0,2020-03-03
1410783.7956225853,20200304,0.0,2020-03-04
1410783.7956225853,20200305,0.0,2020-03-05
1410783.7956225853,20200306,0.0,2020-03-06
1410783.7956225853,20200309,0.0,2020-03-09
1410783.7956225853,20200310,0.0,2020-03-10
1410783.7956225853,20200311,0.0,2020-03-11
1410783.7956225853,20200312,0.0,2020-03-12
1410783.7956225853,20200313,0.0,2020-03-13
1410783.7956225853,20200316,0.0,2020-03-16
1410783.7956225853,20200317,0.0,2020-03-17
1410783.7956225853,20200318,0.0,2020-03-18
1410783.7956225853,20200319,0.0,2020-03-19
1410783.7956225853,20200320,0.0,2020-03-20
1410783.7956225853,20200323,0.0,2020-03-23
1410783.7956225853,20200324,0.0,2020-03-24
1410783.7956225853,20200325,0.0,2020-03-25
1410783.7956225853,20200326,0.0,2020-03-26
1410783.7956225853,20200327,0.0,2020-03-27
1410783.7956225853,20200330,0.0,2020-03-30
1410783.7956225853,20200331,0.0,2020-03-31
1410783.7956225853,20200401,0.0,2020-04-01
1410783.7956225853,20200402,0.0,2020-04-02
1410783.7956225853,20200403,0.0,2020-04-03
1410783.7956225853,20200406,0.0,2020-04-06
1410656.5483171418,20200407,-9.019617735783747e-05,2020-04-07
1410537.0090445203,20200408,-8.474016780635196e-05,2020-04-08
1410537.0090445203,20200409,0.0,2020-04-09
1410537.0090445203,20200413,0.0,2020-04-13
1410537.0090445203,20200414,0.0,2020-04-14
1410537.0090445203,20200415,0.0,2020-04-15
1410537.0090445203,20200416,0.0,2020-04-16
1410537.0090445203,20200417,0.0,2020-04-17
1410537.0090445203,20200420,0.0,2020-04-20
1410537.0090445203,20200421,0.0,2020-04-21
1410537.0090445203,20200422,0.0,2020-04-22
1410537.0090445203,20200423,0.0,2020-04-23
1410537.0090445203,20200424,0.0,2020-04-24
1410537.0090445203,20200427,0.0,2020-04-27
1410537.0090445203,20200428,0.0,2020-04-28
1410537.0090445203,20200429,0.0,2020-04-29
1410537.0090445203,20200430,0.0,2020-04-30
1410537.0090445203,20200501,0.0,2020-05-01
1410537.0090445203,20200504,0.0,2020-05-04
1410537.0090445203,20200505,0.0,2020-05-05
1410537.0090445203,20200506,0.0,2020-05-06
1410537.0090445203,20200507,0.0,2020-05-07
1410537.0090445203,20200508,0.0,2020-05-08
1410537.0090445203,20200511,0.0,2020-05-11
1410537.0090445203,20200512,0.0,2020-05-12
1410537.0090445203,20200513,0.0,2020-05-13
1410537.0090445203,20200514,0.0,2020-05-14
1410537.0090445203,20200515,0.0,2020-05-15
1410537.0090445203,20200518,0.0,2020-05-18
1410537.0090445203,20200519,0.0,2020-05-19
1410537.0090445203,20200520,0.0,2020-05-20
1410537.0090445203,20200521,0.0,2020-05-21
1410537.0090445203,20200522,0.0,2020-05-22
1410537.0090445203,20200526,0.0,2020-05-26
1410537.0090445203,20200527,0.0,2020-05-27
1410537.0090445203,20200528,0.0,2020-05-28
1410726.7548788881,20200529,0.0001345202806810608,2020-05-29
1410708.260527423,20200601,-1.310980414970242e-05,2020-06-01
1410416.8715582634,20200602,-0.0002065550881870104,2020-06-02
1410416.8715582634,20200603,0.0,2020-06-03
1410416.8715582634,20200604,0.0,2020-06-04
1413296.1917768489,20200605,0.002041467509818151,2020-06-05
1413155.5045890259,20200608,-9.954543756751644e-05,2020-06-08
1413155.5045890259,20200609,0.0,2020-06-09
1413155.5045890259,20200610,0.0,2020-06-10
1413155.5045890259,20200611,0.0,2020-06-11
1413155.5045890259,20200612,0.0,2020-06-12
1413155.5045890259,20200615,0.0,2020-06-15
1413155.5045890259,20200616,0.0,2020-06-16
1413155.5045890259,20200617,0.0,2020-06-17
1413155.5045890259,20200618,0.0,2020-06-18
1413155.5045890259,20200619,0.0,2020-06-19
1413155.5045890259,20200622,0.0,2020-06-22
1413155.5045890259,20200623,0.0,2020-06-23
1413155.5045890259,20200624,0.0,2020-06-24
1413155.5045890259,20200625,0.0,2020-06-25
1413155.5045890259,20200626,0.0,2020-06-26
1413155.5045890259,20200629,0.0,2020-06-29
1413155.5045890259,20200630,0.0,2020-06-30
1413155.5045890259,20200701,0.0,
1413155.5045890259,20200702,0.0,
1413155.5045890259,20200706,0.0,
